{
  "artifacts": {
    "algorithm_comparison": [
      {
        "algorithm": "logistic_regression",
        "average_precision": 0.5121473718158949,
        "cv_mean": 0.3548498204883678,
        "f1": 0.31891891891891894,
        "is_winner": true,
        "roc_auc": 0.9001231906375116
      },
      {
        "algorithm": "lightgbm",
        "average_precision": 0.390476889900209,
        "cv_mean": 0.3331642110972587,
        "f1": 0.362962962962963,
        "is_winner": false,
        "roc_auc": 0.8818293809670465
      },
      {
        "algorithm": "xgboost",
        "average_precision": 0.3760145347193282,
        "cv_mean": 0.3452538522819295,
        "f1": 0.3951612903225806,
        "is_winner": false,
        "roc_auc": 0.8801047120418848
      },
      {
        "algorithm": "random_forest",
        "average_precision": 0.36442251424863015,
        "cv_mean": 0.3602322912334913,
        "f1": 0.36619718309859156,
        "is_winner": false,
        "roc_auc": 0.8961656914074531
      }
    ],
    "feature_importances": {
      "antiguedad_dias": 1.0964813060523901,
      "area_Administraci?n y Finanzas": 0.7611354615706079,
      "area_Calidad": 0.4395363936178648,
      "area_Compras": 0.555125236877937,
      "area_Contabilidad": 0.4223639288850472,
      "area_Cr?dito y Cobranza": 1.1828413406400116,
      "area_Desconocido": 1.2783871342379927,
      "area_Direcci?n": 0.023277433425263165,
      "area_Ejecutiva": 0.00012860075111328177,
      "area_Empaque": 0.4258263254192393,
      "area_General": 0.06560683496467816,
      "area_Gerente Gral Filiales": 0.1307398755473816,
      "area_Inventario": 0.38665027371294514,
      "area_Logistica": 0.6560891001094833,
      "area_Master": 0.1804534499587353,
      "area_Mejora Continua": 1.7318921129132863,
      "area_Mercadotecnia": 0.4301912084785718,
      "area_N?minas": 0.29975185131240656,
      "area_Planeaci?n": 0.35297628630514843,
      "area_RH": 0.0859087597989284,
      "area_Reabasto": 0.3156767195483765,
      "area_Recibo": 0.19062839453083996,
      "area_Seguridad": 0.2848846643254185,
      "area_Servicio Generales": 1.6681726305752813,
      "area_Servicio al Cliente": 0.2964317428155549,
      "area_Soporte de Operaciones": 1.5161539395607533,
      "area_Supermoto": 2.331979618615328,
      "area_Surtido": 0.2764272552242635,
      "area_Telemercadeo": 1.6885758647130351,
      "area_Tesoreria": 0.1281085900497822,
      "area_Tic": 0.7332685435926731,
      "area_Ventas": 0.45992555799065044,
      "area_Yamaha": 0.21886269111560205,
      "clasificacion_Confianza": 0.8036121623695881,
      "clasificacion_Sindicalizados": 0.7497750345009011,
      "departamento_ADMINISTRACI?N Y FINANZAS": 0.39087437306804484,
      "departamento_COMPRAS": 0.11558884326006677,
      "departamento_CR?DITO Y COBRANZA": 0.10975405484948215,
      "departamento_DIRECCI?N DE TESORER?A": 0.1281085900497822,
      "departamento_DIRECCI?N EJECUTIVO": 0.00012860075111328177,
      "departamento_DIRECCI?N GENERAL": 0.07546856023986885,
      "departamento_FILIALES": 0.2964446171678435,
      "departamento_MERCADOTECNIA": 0.7142802188695163,
      "departamento_OPERACIONES Y LOG?STICA": 0.7383265914535047,
      "departamento_PLANEACI?N ESTRAT?GICA": 0.5030743892351064,
      "departamento_PRESIDENCIA": 0.013762852551470547,
      "departamento_RECURSOS HUMANOS": 1.0210274915729622,
      "departamento_SUPER MOTO": 0.5773080063376063,
      "departamento_TECNOLOG?A DE LA INFORMAC": 0.7332685435926731,
      "departamento_VENTAS": 1.0628644914391019,
      "dias_desde_ultima_falta": 0.1442162238245002,
      "edad": 0.356646828643865,
      "empresa_MOTO REPUESTOS MONTERREY": 0.970013598566697,
      "empresa_MOTO TOTAL": 0.5232096672855895,
      "empresa_REPUESTOS Y MOTOCICLETAS DEL NORTE": 0.5006410591498067,
      "faltas_neg_14d": 0.46543524562120264,
      "faltas_neg_28d": 0.036469988016349625,
      "faltas_neg_56d": 0.040267189419267956,
      "faltas_neg_7d": 0.039214339439453155,
      "faltas_neg_90d": 0.08577923115191173,
      "fi_14d": 0.020769866251598382,
      "fi_28d": 0.050947004068093125,
      "fi_7d": 0.05064798196526737,
      "fi_90d": 0.2031784255550133,
      "generacion_Baby Boomer": 0.2945757843005602,
      "generacion_Gen X": 0.2601978831317231,
      "generacion_Gen Z": 0.37736403135318897,
      "generacion_Millennial": 0.3579048046533276,
      "genero_Femenino": 0.10232456438980483,
      "genero_Masculino": 0.15616169225850315,
      "permisos_28d": 0.018558644885736938,
      "permisos_90d": 0.0481287911039696,
      "ratio_fi_to_neg": 0.1347456161222379,
      "ratio_neg_recent_vs_old": 0.2128655773634657,
      "salud_28d": 0.10049831005927995,
      "salud_90d": 0.23692589328200095,
      "tasa_faltas_neg_28d": 0.04916162293714192,
      "tendencia_num": 0.06632163345151028,
      "total_incidencias_28d": 0.23459383783420984,
      "total_incidencias_90d": 0.734764451865421,
      "turno_Matutino Cad 0830_1700": 0.530944060628582,
      "turno_Matutino Cad Of 0800_1800C": 1.1790996599936137,
      "turno_Matutino Corpo 0800_1800": 0.04641816605887815,
      "turno_Matutino Corpo 0900_1900": 0.269982907801099,
      "turno_Matutino Corpo 0900_1900 LV": 1.9221844094123102,
      "turno_Matutino Enfermera Corpo": 0.2948852027043599,
      "turno_Matutino Filiales 0930_1900 F": 0.2652649718657613,
      "turno_Matutino Ventas 0930_1900": 1.6146467809373592,
      "ubicacion2_CAD": 0.4944481615658567,
      "ubicacion2_CORPORATIVO": 0.6196382720671718,
      "ubicacion2_FILIALES": 1.002553636563078,
      "ubicacion2_UNKNOWN": 0.9312006539304549,
      "vacaciones_90d": 0.029522641709847315
    }
  },
  "metrics": {
    "average_precision": 0.5121473718158949,
    "cv_mean": 0.3548498204883678,
    "cv_std": 0.08511132201287691,
    "f1": 0.31891891891891894,
    "positive_rate": 0.06671554252199413,
    "precision": 0.19536423841059603,
    "recall": 0.8676470588235294,
    "roc_auc": 0.9001231906375116,
    "test_size": 1023,
    "train_size": 3069,
    "winner_algorithm": "logistic_regression"
  },
  "model_id": "absenteeism_risk",
  "model_name": "Riesgo de ausentismo recurrente",
  "model_version": "v1",
  "trained_at": "2026-02-19T00:19:05.881461+00:00"
}